neighborhood,street,lat,lon
CORRYVILLE,254 OAK ST,39.131050859772756,-84.50322713180412
MOUNT AUBURN,2445 HIGHLAND AV,39.166289643162884,-84.44557179188594
MOUNT AUBURN,2428 AUBURN AV,39.1265092835248,-84.508380247032
CLIFTON,880 RUE DE LA PAIX,39.15177406477184,-84.53306993272479
MOUNT AUBURN,303 SEITZ ST,39.11561849374999,-84.51177968430278
SOUTH FAIRMOUNT,2038 SUNSET AV,39.128316920803684,-84.57745717210253
EAST WALNUT HILLS,1530 MADISON RD,39.12985720880086,-84.47833288114073
WESTWOOD,2321 FERGUSON RD,39.12849678520956,-84.6008935041861
EAST PRICE HILL,3219 W 8TH ST,39.10587883617268,-84.56445297555888
CORRYVILLE,30 E CORRY ST,39.12906335808799,-84.50838924025231
WALNUT HILLS,705 E MCMILLAN ST,39.12620351403484,-84.49480947760986
CUF,109 W MCMILLAN ST,39.12761544962086,-84.51620434868693
AVONDALE,3136 VAN BUREN AV,39.13557380419745,-84.49360181875205
OAKLEY,3096 MADISON RD,39.15325512067619,-84.42997735251765
EVANSTON,3560 EVANSTON AV,39.1442169342817,-84.46273066082472
MOUNT AUBURN,121 MULBERRY ST,39.11662573442277,-84.51386611141072
MOUNT AUBURN,1705 SYCAMORE ST,39.11402669375809,-84.51078143685027
EVANSTON,1538 BREWSTER AV,39.14431585970493,-84.47626545736568
EVANSTON,1534 BREWSTER AV,39.144328922749786,-84.4760419900481
WALNUT HILLS,2346 GILBERT AV,39.12424299201098,-84.49120319627241
BOND HILL,1111 META DR,39.175010636150596,-84.48227120439539
OVER-THE-RHINE,1327 MAIN ST,39.11066322936853,-84.51204948091157
CUF,349 CALHOUN ST,39.12855074453131,-84.52048512154641
AVONDALE,3665 VINE ST,39.15049420204622,-84.51057459278348
WALNUT HILLS,860 BEECHER ST,39.13353298857362,-84.48903583018176
WALNUT HILLS,1244 LOUDEN ST,39.11018502938047,-84.49718554891108
CBD/RIVERFRONT,705 MAIN ST,39.10436797516343,-84.51050264702116
CBD/RIVERFRONT,721 MAIN ST,39.104573355312105,-84.51058909847427
BOND HILL,1701 SHOWCASE DR,39.16976667313412,-84.46377387437872
MOUNT AUBURN,159 E MCMILLAN ST,39.12691397843798,-84.50575422670647
CUF,35 W HOLLISTER ST,39.12721974792794,-84.51375819276723
MOUNT WASHINGTON,1905 HONEYSUCKLE LN,39.088090246433126,-84.38139597649484
WALNUT HILLS,202 I-71 NB EXWY,39.1071299998498,-84.50412999989942
MOUNT ADAMS,391 BAUM ST,39.105555080242084,-84.50134754876291
OVER-THE-RHINE,10 W 9TH ST,39.105321256514515,-84.51465751479651
MOUNT AUBURN,1832 SYCAMORE ST,39.11775888017968,-84.50968426397452
OVER-THE-RHINE,1319 MAIN ST,39.1104294056409,-84.51199552158982
WEST END,2151 FREEMAN AV,39.12100543270549,-84.53098920284862
EAST WALNUT HILLS,2791 BAKER PL,39.13037534693688,-84.46700014320403
NORTHSIDE,3923 COLERAIN AV,39.1578243549347,-84.5441989876407
NORTHSIDE,1659 COOPER ST,39.15786864268648,-84.5435976976994
NORTHSIDE,4159 DANE AV,39.162005524021254,-84.53255402317961
OVER-THE-RHINE,200 E CLIFTON AV,39.11522279205707,-84.51362329446283
OVER-THE-RHINE,151 E CLIFTON AV,39.115942182382334,-84.5146050626196
OVER-THE-RHINE,212 W 14TH ST,39.110024710727714,-84.51923506392569
MOUNT AUBURN,2439 HIGHLAND AV,39.12583479200282,-84.50355088773466
WALNUT HILLS,2501 READING RD,39.12691397843798,-84.50164432503254
WALNUT HILLS,731 E MCMILLAN ST,39.12611358183193,-84.4935324403283
NORTH AVONDALE,4222 KESSLER AV,39.1622213613083,-84.5062128809414
NORTH AVONDALE,4301 KESSLER AV,39.16242820537502,-84.5059610707732
CBD/RIVERFRONT,611 RACE ST,39.102575330072234,-84.51512204501975
AVONDALE,861 DELLWAY ST,39.13921670379881,-84.48736309120727
OVER-THE-RHINE,308 MOHAWK ST,39.120987446264905,-84.52499971813347
WESTWOOD,2413 FERGUSON RD,39.13062817841899,-84.60068666011938
CUF,341 CITY VIEW PL,39.12305588693226,-84.5254583723684
OVER-THE-RHINE,1835 VINE ST,39.116055329572234,-84.5167924777626
CUF,2341 W MCMICKEN AV,39.1244498360777,-84.53235617233315
CUF,2335 W MCMICKEN AV,39.124314937773306,-84.53239214521432
CUF,525 W MCMILLAN ST,39.1291802699518,-84.52978411132938
CUF,347 CALHOUN ST,39.12855074453131,-84.5203682096826
MOUNT AUBURN,1827 SYCAMORE ST,39.11781283950148,-84.5097022504151
COLUMBIA TUSCULUM,311 DELTA AV,39.11702143611569,-84.43951016602824
AVONDALE,20 WEST ST,39.1476793240945,-84.51168975209981
CUF,2162 STRATFORD AV,39.12275911066263,-84.5236687215301
CLIFTON,785 LUDLOW AV,39.14695087325077,-84.53109712149211
CUF,25 CALHOUN ST,39.12802014453405,-84.51227431141888
MOUNT AUBURN,1745 SYCAMORE ST,39.11517782595564,-84.51065553176613
CORRYVILLE,1 W CORRY ST,39.12907295998618,-84.50972389209214
CORRYVILLE,2609 VINE ST,39.12951301910266,-84.50968426397452
CBD/RIVERFRONT,721 MAIN ST,39.104573355312105,-84.51058909847427
MOUNT ADAMS,391 BAUM ST,39.105555080242084,-84.50134754876291
MOUNT ADAMS,391 BAUM ST,39.105555080242084,-84.50134754876291
BOND HILL,1701 SHOWCASE DR,39.16976667313412,-84.46377387437872
OVER-THE-RHINE,6 W MCMICKEN AV,39.11709338187802,-84.51730152156267
MOUNT ADAMS,334 KILGOUR ST,39.104529853128724,-84.49967480978842
WEST END,2151 CENTRAL AV,39.12134717507661,-84.5310071892892
NORTHSIDE,1650 COOPER ST,39.15788286744002,-84.54241474722036
NORTHSIDE,1638 BLUE ROCK ST,39.16028781894528,-84.5410166434753
NORTHSIDE,1619 BLUE ROCK ST,39.160206879962686,-84.54070188076508
NORTHSIDE,1601 BLUE ROCK ST,39.16011694775972,-84.53966766043135
MOUNT AUBURN,2009 AUBURN AV,39.11830746661758,-84.50883890126698
EAST WALNUT HILLS,1535 MADISON RD,39.12966590384764,-84.47738960990233
NORTHSIDE,4246 LANGLAND ST,39.16484738163388,-84.53795894857569
NORTHSIDE,4220 DANE AV,39.163759201978394,-84.53259898928104
WALNUT HILLS,1027 WILLIAM H TAFT RD,39.1071299998498,-84.50412999989942
WALNUT HILLS,2601 PARK AV,39.127381625893236,-84.48610404036623
NORTHSIDE,1619 BLUE ROCK ST,39.160206879962686,-84.54070188076508
NORTHSIDE,1601 BLUE ROCK ST,39.16011694775972,-84.53966766043135
NORTHSIDE,1667 BLUE ROCK ST,39.16043171046999,-84.54274334177154
NORTHSIDE,1677 BLUE ROCK ST,39.16047667657148,-84.54317501634563
NORTHSIDE,507 I-75 SB EXWY,39.1071299998498,-84.50412999989942
MOUNT AUBURN,1703 SYCAMORE ST,39.11398270315699,-84.51082532442226
CAMP WASHINGTON,3104 SPRING GROVE AV,39.1375619512649,-84.54175408753935
ANDERSON TOWNSHIP,420 5TH AV,39.1071299998498,-84.50412999989942
MOUNT LOOKOUT,3605 HEEKIN AV,39.126940958098885,-84.41575007801413
MOUNT ADAMS,391 BAUM ST,39.105555080242084,-84.50134754876291
OAKLEY,3622 MADISON RD,39.159730239287114,-84.41862790850786
MOUNT AUBURN,2103 VINE ST,39.11978235474561,-84.51738246054532
OVER-THE-RHINE,1930 VINE ST,39.117929751365295,-84.51715763003796
OVER-THE-RHINE,206 E CLIFTON AV,39.11512386663384,-84.51349738937876
WALNUT HILLS,2412 GILBERT AV,39.12488151065179,-84.49086145390123
WALNUT HILLS,795 E MCMILLAN ST,39.125923388409504,-84.49079696460193
WALNUT HILLS,791 E MCMILLAN ST,39.125969690307215,-84.49130212169558
BOND HILL,5000 PADDOCK RD,39.17777142237819,-84.47755051489638
OVER-THE-RHINE,1346 MAIN ST,39.11120201853564,-84.5120741211923
OVER-THE-RHINE,1400 MAIN ST,39.11142801670517,-84.51214479020013
OVER-THE-RHINE,154 E MCMICKEN AV,39.11346911409993,-84.51305672158435
CORRYVILLE,2816 JEFFERSON AV,39.132354876715226,-84.51102425379815
NORTHSIDE,3728 SPRING GROVE AV,39.15493685287095,-84.54116053500002
WEST END,1127 DAYTON ST,39.118613236107535,-84.53411884351056
CUF,2300 STRATFORD AV,39.12512432759968,-84.52305718255019
CUF,2869 W MCMICKEN AV,39.13385674450416,-84.53118705369508
WEST PRICE HILL,4323 GLENWAY AV,39.1137838768102,-84.58584784663594
EAST WALNUT HILLS,1535 MADISON RD,39.12966590384764,-84.47738960990233
CUF,2411 W MCMICKEN AV,39.12573586657959,-84.5320234231823
NORTHSIDE,1264 KNOWLTON ST,39.161530149759486,-84.53121450929788
NORTHSIDE,1675 GLEN PARKER AV,39.169973517200845,-84.54407433837491
PLEASANT RIDGE,6225 MONTGOMERY RD,39.183832069672405,-84.42430263051278
CBD/RIVERFRONT,721 MAIN ST,39.104573355312105,-84.51058909847427
MOUNT AUBURN,1833 SYCAMORE ST,39.11783981916233,-84.50952238600922
BOND HILL,4969 PADDOCK RD,39.177599768009316,-84.47766839973144
SPRING GROVE VILLAGE,4840 SPRING GROVE AV,39.167905076533486,-84.51177069108246
NORTHSIDE,4101 SPRING GROVE AV,39.16002649850714,-84.5370300105023
OVER-THE-RHINE,1329 MAIN ST,39.11072618191059,-84.51206746735215
OVER-THE-RHINE,1327 MAIN ST,39.11066322936853,-84.51204948091157
WEST END,1101 YORK ST,39.11764196831592,-84.53299469097396
NORTHSIDE,1911 WEST FORK RD,39.15989211725241,-84.56577497894193
NORTHSIDE,1917 WEST FORK RD,39.1597752053886,-84.56621564673628
CBD/RIVERFRONT,709 MAIN ST,39.10445790736634,-84.51052063346174
SOUTH FAIRMOUNT,2038 SUNSET AV,39.128316920803684,-84.57745717210253
MOUNT AUBURN,222 E LIBERTY ST,39.11261475817213,-84.51140196905044
OVER-THE-RHINE,1200 MAIN ST,39.109251293782506,-84.5116267995578
AVONDALE,861 DELLWAY ST,39.13921670379881,-84.48736309120727
MOUNT AUBURN,320 SEITZ ST,39.11561849374999,-84.51096130125609
CBD/RIVERFRONT,716 MAIN ST,39.104520859908405,-84.51046667413999
HEIGHTS,342 CLIFTON CT,39.1071299998498,-84.50412999989942
CUF,3235 CLIFTON AV,39.14036413837774,-84.51958845896493
NORTHSIDE,4030 CHERRY ST,39.15991909691331,-84.54261743668746
NORTHSIDE,1619 BLUE ROCK ST,39.160206879962686,-84.54070188076508
NORTHSIDE,4138 HAMILTON AV,39.16138499182102,-84.5393888706023
NORTHSIDE,1601 BLUE ROCK ST,39.16011694775972,-84.53966766043135
NORTHSIDE,1667 BLUE ROCK ST,39.16043171046999,-84.54274334177154
NORTHSIDE,1673 BLUE ROCK ST,39.160458690130895,-84.54300414516007
NORTHSIDE,1708 BLUE ROCK ST,39.160800432502015,-84.5445329926099
CUF,220 LYON ST,39.12696793775973,-84.5182548029137
MOUNT ADAMS,512 BAUM ST,39.10571695820738,-84.50193210808192
WEST END,1020 CENTRAL AV,39.1062205785438,-84.5208358571378
BOND HILL,1701 SHOWCASE DR,39.16976667313412,-84.46377387437872
NORTHSIDE,1708 BLUE ROCK ST,39.160800432502015,-84.5445329926099
NORTHSIDE,4100 HAMILTON AV,39.160179900301785,-84.53933491128055
WEST END,1136 GARDEN ST,39.119125849664215,-84.53454152486432
WEST END,1130 GARDEN ST,39.11910786322363,-84.5342267621541
WEST END,2145 PATTERSON ST,39.12113850418349,-84.53347510768296
CORRYVILLE,2801 HIGHLAND AV,39.16664771743461,-84.43843896855284
WESTWOOD,2601 WESTWOOD NORTHERN BLVD,39.14888441561379,-84.58624354832881
WESTWOOD,3333 MEYER PL,39.14720268341898,-84.59130673135377
WESTWOOD,3300 PARKCREST LN,39.14605155122149,-84.62234233458491
NORTHSIDE,4011 HAMILTON AV,39.158947829121644,-84.53946980958494
MOUNT AUBURN,2001 AUBURN AV,39.118100622550855,-84.50887487414815
MOUNT AUBURN,2301 AUBURN AV,39.12366742591223,-84.50847917245522
KENNEDY HEIGHTS,6545 MONTGOMERY RD,39.1881757950739,-84.41511155937332
CBD/RIVERFRONT,601 RACE ST,39.102189405513826,-84.51500825656485
MADISONVILLE,5020 WHETSEL AV,39.16140297826166,-84.39295226457136
CUF,2246 WHEELER ST,39.12440486997622,-84.5207009588334
CUF,2351 ROHS ST,39.12668015471036,-84.5213844435757
CUF,211 W MCMILLAN ST,39.127840332398485,-84.51987672314422
CUF,2396 WHEELER ST,39.12767840216287,-84.52039518934345
CUF,2361 ROHS ST,39.127102836064125,-84.52134847069453
CUF,203 W MCMILLAN ST,39.12784028012817,-84.51950486053448
CUF,2516 CLIFTON AV,39.12839785978633,-84.52077290459579
CUF,335 W MCMILLAN ST,39.12811906995722,-84.52444213847531
CUF,2351 ROHS ST,39.12668015471036,-84.5213844435757
CUF,2346 ROHS ST,39.12659921572771,-84.52132149103363
CBD/RIVERFRONT,701 MAIN ST,39.104269049740196,-84.51047566736031
OVER-THE-RHINE,136 E MCMICKEN AV,39.11381984969137,-84.51347940293812
CUF,169 W MCMILLAN ST,39.127804307247004,-84.51897426053716
CUF,200 W MCMILLAN ST,39.12788524622965,-84.51937895545035
OVER-THE-RHINE,1401 WALNUT ST,39.11119529948755,-84.51388984957795
OVER-THE-RHINE,1401 MAIN ST,39.11150859207606,-84.51227431141888
PENDLETON,502 READING RD,39.10915236835933,-84.50625784704289
PENDLETON,610 READING RD,39.110735175130856,-84.50409048095224
OVER-THE-RHINE,1425 SYCAMORE ST,39.11223704291979,-84.51083539617201
OVER-THE-RHINE,1315 MAIN ST,39.110303500556824,-84.5119595487086
OVER-THE-RHINE,1323 MAIN ST,39.11053732428445,-84.51202250125067
CBD/RIVERFRONT,709 MAIN ST,39.10445790736634,-84.51052063346174
SOUTH FAIRMOUNT,1789 QUEEN CITY AV,39.12588875132457,-84.55739329762889
SOUTH FAIRMOUNT,1515 TREMONT ST,39.12707585640328,-84.5459359349756
CUF,2335 W MCMICKEN AV,39.124314937773306,-84.53239214521432
CUF,2321 W MCMICKEN AV,39.12400916828335,-84.53247308419697
CUF,615 W MCMICKEN AV,39.122318267290616,-84.53126697158581
MOUNT AUBURN,228 E LIBERTY ST,39.11260576495181,-84.51115015888223
MOUNT AUBURN,210 E LIBERTY ST,39.11265073105329,-84.51194156226802
MOUNT AUBURN,214 E LIBERTY ST,39.11264173783297,-84.51178867752304
OVER-THE-RHINE,46 E MCMICKEN AV,39.11569043951232,-84.5156107961476
OVER-THE-RHINE,282 W MCMICKEN AV,39.1202781373784,-84.52431282084373
OVER-THE-RHINE,1502 VINE ST,39.112129124276294,-84.51570972157083
CBD/RIVERFRONT,721 MAIN ST,39.104573355312105,-84.51058909847427
CBD/RIVERFRONT,709 MAIN ST,39.10445790736634,-84.51052063346174
CBD/RIVERFRONT,709 MAIN ST,39.10445790736634,-84.51052063346174
CBD/RIVERFRONT,721 MAIN ST,39.104573355312105,-84.51058909847427
CBD/RIVERFRONT,201 E 8TH ST,39.104855616866026,-84.5105665822422
EAST WALNUT HILLS,407 COLLINS AV,39.12523224624317,-84.46926873197776
MOUNT AUBURN,1931 VINE ST,39.11772503234737,-84.51722657975506
OVER-THE-RHINE,1300 VINE ST,39.10959303615368,-84.5150622097097
WALNUT HILLS,910 WILLIAM H TAFT RD,39.1071299998498,-84.50412999989942
MOUNT AUBURN,2105 VINE ST,39.119854300507996,-84.51731051478299
AVONDALE,3019 READING RD,39.13364990043743,-84.49699483014109
AVONDALE,630 OAK ST,39.1298367750332,-84.49697684370051
OVER-THE-RHINE,1931 VINE ST,39.11772503234737,-84.51722657975506
OVER-THE-RHINE,29 E CLIFTON AV,39.11770492085793,-84.51659105715953
PENDLETON,1310 SYCAMORE ST,39.11014162259153,-84.51021486397178
MADISONVILLE,6021 MADISON RD,39.16043171046999,-84.39086583746337
CAMP WASHINGTON,3627 SPRING GROVE AV,39.15198707661489,-84.5421947553337
CUF,261 W MCMILLAN ST,39.12801115131373,-84.52213088086
WESTWOOD,3453 CHEVIOT AV,39.15095285628115,-84.60655923297071
WESTWOOD,3300 PARKCREST LN,39.14605155122149,-84.62234233458491
MADISONVILLE,6022 MADISON RD,39.16048566979174,-84.39086583746337
MADISONVILLE,4718 WHETSEL AV,39.157293076587735,-84.39345588490778
NORTHSIDE,1 MOLINE CT,39.160971303687575,-84.53848954857295
MOUNT AUBURN,29 MULBERRY ST,39.11882907339458,-84.51647414529572
MOUNT AUBURN,4 THILL ST,39.12341561574402,-84.5140729554775
MOUNT AUBURN,2306 VINE ST,39.12379333099631,-84.51441469784862
MOUNT ADAMS,317 BAUM ST,39.10466475143312,-84.49870354199675
MOUNT ADAMS,923 RIVERVIEW PL,39.105591053123305,-84.4971926809875
EAST PRICE HILL,4220 GLENWAY AV,39.11437742934953,-84.58424705342378
QUEENSGATE,1155 WESTERN AV,39.1081451276865,-84.53234717911283
CBD/RIVERFRONT,314 MAIN ST,39.09961955484874,-84.50921661651927
CUF,349 WARNER ST,39.12502540217645,-84.52564722999455
CBD/RIVERFRONT,300 LYTLE ST,39.10095954467238,-84.50341598943027
MOUNT AUBURN,1705 SYCAMORE ST,39.11402669375809,-84.51078143685027
CUF,64 W MCMILLAN ST,39.127543503858476,-84.51417188090073
HEIGHTS,42 CALHOUN ST,39.12808309707606,-84.5125081351465
CUF,2442 VINE ST,39.12712082250471,-84.51178867752304
OVER-THE-RHINE,131 E MCMICKEN AV,39.11395474799576,-84.51373121310633
OVER-THE-RHINE,148 E MCMICKEN AV,39.11360028336413,-84.51316567606003
MOUNT AUBURN,2445 HIGHLAND AV,39.166289643162884,-84.44557179188594
MOUNT AUBURN,2551 READING RD,39.12804712419489,-84.5001604436842
PLEASANT RIDGE,6111 RIDGE AV,39.182519059509616,-84.42730636609065
OVER-THE-RHINE,1621 MOORE ST,39.11409863952048,-84.51472046733858
WEST END,1101 YORK ST,39.11764196831592,-84.53299469097396
CBD/RIVERFRONT,302 LYTLE ST,39.100993611048146,-84.50340560028756
MADISONVILLE,6022 MADISON RD,39.16048566979174,-84.39086583746337
MADISONVILLE,4718 WHETSEL AV,39.157293076587735,-84.39345588490778
WEST END,1127 DAYTON ST,39.118613236107535,-84.53411884351056
CAMP WASHINGTON,3126 SPRING GROVE AV,39.138308388549206,-84.54173610109876
SPRING GROVE VILLAGE,4516 CIRCLE AV,39.170324252792284,-84.51731051478299
MOUNT AUBURN,2441 AUBURN AV,39.126722324590894,-84.50847996801278
WEST END,2147 CENTRAL AV,39.121239256433114,-84.53067444013834
WESTWOOD,3002 MONTANA AV,39.14849770714119,-84.60018303978296
WESTWOOD,3101 HARRISON AV,39.150755005434746,-84.60029995164678
WESTWOOD,3300 PARKCREST LN,39.14605155122149,-84.62234233458491
EAST PRICE HILL,3111 PRICE AV,39.1069400361672,-84.56296909421053
WEST END,1044 MOUND ST,39.106787989521024,-84.52341191636859
WEST END,1056 MOUND ST,39.10729077175864,-84.52339892492131
EAST PRICE HILL,3410 WARSAW AV,39.11015061581185,-84.5658109518231
CAMP WASHINGTON,3591 SPRING GROVE AV,39.15069205289268,-84.54179905364083
CAMP WASHINGTON,3475 SPRING GROVE AV,39.14738254782486,-84.54132241296526
HEIGHTS,328 W MCMILLAN ST,39.128146049618124,-84.52384858593598
EAST PRICE HILL,4210 GLENWAY AV,39.11440440901043,-84.58388732461202
MOUNT AUBURN,1637 HUGHES ST,39.113792870030466,-84.51164478599839
WEST END,501 CHESTNUT ST,39.106787151422225,-84.52291329102547
EAST PRICE HILL,3834 GLENWAY AV,39.11403568697841,-84.57708845007056
CBD/RIVERFRONT,514 E 3RD ST,39.10137035001118,-84.50251676818428
NORTH AVONDALE,3852 DAKOTA AV,39.15176224610752,-84.47959294887414
CBD/RIVERFRONT,600 BROADWAY,39.103432732976216,-84.50671299715799
MADISONVILLE,6022 MADISON RD,39.16048566979174,-84.39086583746337
MADISONVILLE,4930 WHETSEL AV,39.16022160505461,-84.39305037099331
CUF,349 WARNER ST,39.12502540217645,-84.52564722999455
WEST END,1117 BANK ST,39.11962047678037,-84.53343535876832
WEST END,2112 CENTRAL AV,39.12096945982432,-84.5294423689582
CUF,2133 CENTRAL PKWY,39.120464297135335,-84.52605337879564
MOUNT AUBURN,10 E MCMILLAN ST,39.127273707249685,-84.51004399278622
CUF,13 W MCMILLAN ST,39.127381625893236,-84.51240920972327
CUF,16 W MCMILLAN ST,39.12745644731365,-84.51225832091606
CUF,29 W MCMILLAN ST,39.12742659199466,-84.51312866734673
CUF,50 W MCMILLAN ST,39.12751652419763,-84.51369524022516
CUF,52 W MCMILLAN ST,39.127525517417894,-84.51381215208897
MOUNT AUBURN,2301 AUBURN AV,39.12366742591223,-84.50847917245522
CUF,349 WARNER ST,39.12502540217645,-84.52564722999455
CUF,169 W MCMILLAN ST,39.127804307247004,-84.51897426053716
CUF,239 W MCMILLAN ST,39.1279392055514,-84.52091679612045
CUF,30 W MCMILLAN ST,39.127453571655565,-84.5127779317553
MOUNT AUBURN,1814 SYCAMORE ST,39.11751606323179,-84.51029580295443
MOUNT AUBURN,1827 SYCAMORE ST,39.11781283950148,-84.5097022504151
MOUNT AUBURN,2007 AUBURN AV,39.11823552085525,-84.50884789448725
MOUNT AUBURN,2009 AUBURN AV,39.11830746661758,-84.50883890126698
WEST PRICE HILL,1752 GILSEY AV,39.12172489032889,-84.58274518563485
MADISONVILLE,6011 MADISON RD,39.16047667657148,-84.3913244916983
CBD/RIVERFRONT,600 BROADWAY,39.103432732976216,-84.50671299715799
MOUNT AUBURN,2009 AUBURN AV,39.11830746661758,-84.50883890126698
WEST END,1101 YORK ST,39.11764196831592,-84.53299469097396
WEST END,1100 HARRISON AV,39.12218354456388,-84.53266194182311
MOUNT AIRY,4900 COLERAIN AV,39.174452140906794,-84.56229460268855
CORRYVILLE,3011 GLENDORA AV,39.13465714111027,-84.50984614193976
MADISONVILLE,4718 WHETSEL AV,39.157293076587735,-84.39345588490778
MADISONVILLE,5923 MADISON RD,39.160521642672904,-84.3919809967797
NORTH AVONDALE,95 KESSLER PL,39.163264574862296,-84.50713018941127
CUF,25 CALHOUN ST,39.12802014453405,-84.51227431141888
CORRYVILLE,1 W CORRY ST,39.12907295998618,-84.50972389209214
MOUNT AUBURN,2103 VINE ST,39.11978235474561,-84.51738246054532
OVER-THE-RHINE,1930 VINE ST,39.117929751365295,-84.51715763003796
SOUTH FAIRMOUNT,2038 SUNSET AV,39.128316920803684,-84.57745717210253
SOUTH FAIRMOUNT,2038 SUNSET AV,39.128316920803684,-84.57745717210253
CBD/RIVERFRONT,622 VINE ST,39.103207849745615,-84.51347040971785
CBD/RIVERFRONT,1009 GILBERT AV,39.108369958193805,-84.50332605722735
EVANSTON,1534 BREWSTER AV,39.144328922749786,-84.4760419900481
WALNUT HILLS,2412 GILBERT AV,39.12488151065179,-84.49086145390123
CUF,301 W MCMILLAN ST,39.12805611741521,-84.52291329102547
CBD/RIVERFRONT,1005 GILBERT AV,39.10833398531264,-84.50334404366794
CUF,64 W MCMILLAN ST,39.127543503858476,-84.51417188090073
CUF,249 W MCMILLAN ST,39.12798417165283,-84.52173517916714
CLIFTON,316 LUDLOW AV,39.14365935462354,-84.52008941985349
MOUNT AUBURN,2131 VINE ST,39.12038490050526,-84.51656407749863
MADISONVILLE,4718 WHETSEL AV,39.157293076587735,-84.39345588490778
MADISONVILLE,6022 MADISON RD,39.16048566979174,-84.39086583746337
MADISONVILLE,6021 MADISON RD,39.16043171046999,-84.39086583746337
EAST WALNUT HILLS,1946 WILLIAM H TAFT RD,39.1071299998498,-84.50412999989942
MADISONVILLE,6015 MADISON RD,39.160458690130895,-84.39119858661422
WEST END,2006 CENTRAL AV,39.120609731012564,-84.5280664062534
WEST END,2100 CENTRAL AV,39.12083456151993,-84.52896572828269
WEST END,2112 CENTRAL AV,39.12096945982432,-84.5294423689582
NORTH AVONDALE,3915 READING RD,39.15587214778145,-84.48060018954692
EAST WALNUT HILLS,1908 KEMPER LN,39.11791361288138,-84.48510596490318
EAST WALNUT HILLS,1908 KEMPER LN,39.11791361288138,-84.48510596490318
MOUNT AUBURN,1641 SYCAMORE ST,39.113729917488456,-84.51081740973143
CBD/RIVERFRONT,1009 GILBERT AV,39.108369958193805,-84.50332605722735
NORTHSIDE,4345 HAMILTON AV,39.16713165958828,-84.54152925703204
NORTHSIDE,4345 HAMILTON AV,39.16713165958828,-84.54152925703204
NORTHSIDE,4345 HAMILTON AV,39.16713165958828,-84.54152925703204
NORTHSIDE,4345 HAMILTON AV,39.16713165958828,-84.54152925703204
CBD/RIVERFRONT,329 RACE ST,39.09926061066652,-84.51423688919589
CBD/RIVERFRONT,708 WALNUT ST,39.10428703618078,-84.51205847413183
CBD/RIVERFRONT,310 RACE ST,39.099026002309415,-84.51405496903692
OVER-THE-RHINE,2 HUST AL,39.11741713780856,-84.51686984698858
MOUNT AUBURN,2313 VINE ST,39.12389225641954,-84.5144596639501
MOUNT AUBURN,2153 VINE ST,39.12090650728226,-84.51592555885782
CUF,2385 VINE ST,39.12599666996812,-84.51287685717853
CAMP WASHINGTON,3104 SPRING GROVE AV,39.1375619512649,-84.54175408753935
CAMP WASHINGTON,3107 SPRING GROVE AV,39.13743178762205,-84.54186074154211
CAMP WASHINGTON,3107 SPRING GROVE AV,39.13743178762205,-84.54186074154211
MOUNT AUBURN,1745 SYCAMORE ST,39.11517782595564,-84.51065553176613
EAST WALNUT HILLS,407 COLLINS AV,39.12523224624317,-84.46926873197776
CUF,335 W MCMILLAN ST,39.12811906995722,-84.52444213847531
MOUNT AUBURN,2401 VINE ST,39.12620351403484,-84.51270598599297
CBD/RIVERFRONT,150 E 4TH ST,39.10034800569247,-84.51000801990506
CAMP WASHINGTON,3095 COLERAIN AV,39.13998279859729,-84.53840282272107
MOUNT AUBURN,2022 VINE ST,39.118963971698975,-84.517373467325
MOUNT AUBURN,2153 VINE ST,39.12090650728226,-84.51592555885782
OVER-THE-RHINE,1919 VINE ST,39.117830825942065,-84.51721158935976
MOUNT AUBURN,2103 VINE ST,39.11978235474561,-84.51738246054532
MOUNT AUBURN,2036 VINE ST,39.11886234172788,-84.51731695786219
MOUNT AUBURN,2216 VINE ST,39.121482137319944,-84.51535077047667
MOUNT AUBURN,2315 VINE ST,39.124045141164515,-84.51441469784862
MOUNT AUBURN,2200 VINE ST,39.121149324230146,-84.51564676902876
OVER-THE-RHINE,1920 VINE ST,39.11761498865502,-84.51709467749595
CUF,2442 VINE ST,39.12712082250471,-84.51178867752304
WALNUT HILLS,2181 VICTORY PKWY,39.1202410089806,-84.48640081663592
LOWER PRICE HILL,2399 WILDER AV,39.10617033467306,-84.55477996218377
SOUTH FAIRMOUNT,2194 GRAND AV,39.12320877167724,-84.55346326036084
OVER-THE-RHINE,229 E 13TH ST,39.11000672428713,-84.51049365380089
HEIGHTS,2556 VESTRY AV,39.12977382249113,-84.52446911813621
CUF,2324 CENTRAL PKWY,39.12397174061826,-84.53332963431765
PENDLETON,429 E 13TH ST,39.110474371742384,-84.50723810805482
MOUNT AUBURN,2302 VINE ST,39.12363145303101,-84.51447765039069
MOUNT WASHINGTON,1601 BLOOMINGDALE AV,39.08318894137341,-84.39645062726532
WESTWOOD,3101 HARRISON AV,39.150755005434746,-84.60029995164678
WESTWOOD,6218 GLENWAY AV,39.14556589054186,-84.62436228711684
WESTWOOD,3300 PARKCREST LN,39.14605155122149,-84.62234233458491
CUF,165 W MCMILLAN ST,39.127804307247004,-84.51888432833425
CUF,211 W MCMILLAN ST,39.127840332398485,-84.51987672314422
LOWER PRICE HILL,1902 STATE AV,39.118721154751086,-84.54618774514381
CORRYVILLE,20 W DANIELS ST,39.13172535129473,-84.51031378939501
CUF,2385 VINE ST,39.12599666996812,-84.51287685717853
CAMP WASHINGTON,2856 COLERAIN AV,39.1340725817912,-84.53616030451707
CAMP WASHINGTON,2868 COLERAIN AV,39.13441432416232,-84.53631318926205
CUF,422 W MCMICKEN AV,39.12152703948249,-84.52665447066738
OVER-THE-RHINE,1404 MAIN ST,39.11131973444992,-84.5121484063348
CBD/RIVERFRONT,622 VINE ST,39.103207849745615,-84.51347040971785
EAST PRICE HILL,3475 W 8TH ST,39.10586984295236,-84.56975897553173
EAST PRICE HILL,3475 W 8TH ST,39.10586984295236,-84.56975897553173
WEST END,202 W 6TH ST,39.10207238202449,-84.5166684857605
CUF,2606 CENTRAL PKWY,39.128937453003914,-84.53281482656809
OVER-THE-RHINE,16 E 14TH ST,39.11107691750203,-84.51466650801683
CBD/RIVERFRONT,126 W 6TH ST,39.10211967009019,-84.51579965377374
WALNUT HILLS,2610 MAY ST,39.127714375044036,-84.49494437591426
WALNUT HILLS,771 E MCMILLAN ST,39.12600566318838,-84.49191366067555
CBD/RIVERFRONT,219 W 4TH ST,39.09929900025248,-84.51662703511884
NORTH AVONDALE,3915 READING RD,39.15587214778145,-84.48060018954692
WALNUT HILLS,924 WILLIAM H TAFT RD,39.1071299998498,-84.50412999989942
WALNUT HILLS,910 WILLIAM H TAFT RD,39.1071299998498,-84.50412999989942
WALNUT HILLS,1027 WILLIAM H TAFT RD,39.1071299998498,-84.50412999989942
WALNUT HILLS,2385 KEMPER LN,39.12530445665234,-84.4880458146715
OVER-THE-RHINE,29 E 14TH ST,39.11104502024343,-84.5143617632981
CUF,300 WARNER ST,39.12495345641412,-84.52321906051549
COLLEGE HILL,1402 W NORTH BEND RD,39.202735818728286,-84.54257247058598
WESTWOOD,2601 WESTWOOD NORTHERN BLVD,39.14888441561379,-84.58624354832881
WEST END,1202 LINN ST,39.108199087008245,-84.52782358930546
WEST END,1201 LINN ST,39.10805519548359,-84.5279045282881
MOUNT AUBURN,501 BOAL ST,39.11367595816671,-84.50656361653284
WEST END,2161 CENTRAL AV,39.12145432501715,-84.53144125196177
WEST END,2100 CENTRAL AV,39.12083456151993,-84.52896572828269
WEST END,923 BANK ST,39.119395646273006,-84.52989202997287
OVER-THE-RHINE,1408 MAIN ST,39.11158953105871,-84.5122293453174
CAMP WASHINGTON,3401 SPRING GROVE AV,39.14481048682103,-84.54147529771024
CAMP WASHINGTON,3327 COLERAIN AV,39.14412700207879,-84.53845357569179
CAMP WASHINGTON,3265 COLERAIN AV,39.14306580208421,-84.53856149433534
SOUTH FAIRMOUNT,1701 WESTWOOD AV,39.124998422515546,-84.55352621290285
WALNUT HILLS,961 E MCMILLAN ST,39.125789825901336,-84.48853220984535
WALNUT HILLS,915 E MCMILLAN ST,39.12588875132457,-84.48981824034729
WALNUT HILLS,2372 ST JAMES AV,39.12484553777057,-84.4892246878079
WALNUT HILLS,772 E MCMILLAN ST,39.126050629289864,-84.49170681660877
WALNUT HILLS,401 E MCMILLAN ST,39.12659921572771,-84.50114969791645
MOUNT AUBURN,153 E MCMILLAN ST,39.126922971658246,-84.50594308433261
NORTH AVONDALE,3852 DAKOTA AV,39.15176224610752,-84.47959294887414
NORTH AVONDALE,1000 LENOX PL,39.154064510502565,-84.47857671498099
CBD/RIVERFRONT,1 E COURT ST,39.10613064634083,-84.51408194869776
WEST END,212 RICHMOND ST,39.10527629041303,-84.51801198596581
PENDLETON,421 E 13TH ST,39.11042041242064,-84.50751689788387
PENDLETON,1114 BROADWAY,39.10906015983998,-84.50815323229557
WEST END,1136 GARDEN ST,39.119125849664215,-84.53454152486432
WEST END,2024 BAYMILLER ST,39.1191977954266,-84.52893874862184
MOUNT ADAMS,1001 CELESTIAL ST,39.10579789719003,-84.49734556573253
MOUNT AUBURN,26 E HOLLISTER ST,39.12588411323794,-84.51189369476076
NORTH AVONDALE,1015 REDWAY AV,39.15284143254269,-84.47864866074337
WEST END,1127 DAYTON ST,39.118613236107535,-84.53411884351056
WEST END,1127 DAYTON ST,39.118613236107535,-84.53411884351056
MOUNT AUBURN,208 E LIBERTY ST,39.112659724273556,-84.51199552158982
WALNUT HILLS,2385 KEMPER LN,39.12530445665234,-84.4880458146715
CBD/RIVERFRONT,150 E 4TH ST,39.10034800569247,-84.51000801990506
EAST WALNUT HILLS,2330 VICTORY PKWY,39.123803398431974,-84.48460837586964
NORTH AVONDALE,605 I-75 NB EXWY,39.1071299998498,-84.50412999989942
OVER-THE-RHINE,1217 SYCAMORE ST,39.10991679208422,-84.5102238571921
OVER-THE-RHINE,1215 SYCAMORE ST,39.10987182598274,-84.51021486397178
CUF,2300 ROHS ST,39.12495345641412,-84.52149236221919
CUF,209 W MCMILLAN ST,39.12785826656875,-84.51981063002444
CUF,2303 ROHS ST,39.125079361498194,-84.52155531476126
CUF,326 WARNER ST,39.12502540217645,-84.52448710457679
CUF,2332 CLIFTON AV,39.12477020785994,-84.51972951418684
OVER-THE-RHINE,1120 WALNUT ST,39.107719577207234,-84.51288261556714
MOUNT AUBURN,71 E HOLLISTER ST,39.12557398861435,-84.50974721651653
OVER-THE-RHINE,909 VINE ST,39.105453445765434,-84.51410118717065
CBD/RIVERFRONT,120 E 7TH ST,39.104089185334374,-84.51114116566197
NORTH AVONDALE,984 LENOX PL,39.15407350372283,-84.47875657938687
MOUNT AUBURN,1618 HUGHES ST,39.11329824291437,-84.51161780633748
CUF,2301 ROHS ST,39.1249714428547,-84.52156430798158
MOUNT AUBURN,159 E MCMILLAN ST,39.12691397843798,-84.50575422670647
MOUNT AUBURN,214 ALBION PL,39.12234542252912,-84.50797555211881
HEIGHTS,2556 VESTRY AV,39.12977382249113,-84.52446911813621
CBD/RIVERFRONT,15 E 8TH ST,39.10449388024756,-84.513137660567
OVER-THE-RHINE,1318 MAIN ST,39.11037544631915,-84.51191458260718
HEIGHTS,328 W MCMILLAN ST,39.128146049618124,-84.52384858593598
SOUTH FAIRMOUNT,2181 GRAND AV,39.12209361236091,-84.55393990103636
CUF,100 W MCMILLAN ST,39.127633436061444,-84.51579066055342
CLIFTON,344 HOWELL AV,39.1427870122551,-84.52147437577861
OVER-THE-RHINE,1600 VINE ST,39.11302844630558,-84.51593455207814
CUF,176 WARNER ST,39.12475560556766,-84.5192980164677
CUF,2334 CLIFTON AV,39.12482246664499,-84.51972490311756
WEST END,2229 BUCK ST,39.124216012350075,-84.53684378925936
CBD/RIVERFRONT,914 MAIN ST,39.10623856498438,-84.5108533826126
MOUNT ADAMS,995 PARADROME ST,39.109755433458865,-84.49535752705786
MOUNT ADAMS,1021 PARKSIDE PL,39.11034846665825,-84.49368532507327
EAST WALNUT HILLS,1908 KEMPER LN,39.11791361288138,-84.48510596490318
OAKLEY,3533 CARDIFF AV,39.1550447715145,-84.41786348478297
WEST END,2175 CENTRAL AV,39.121600322043044,-84.5318918940565
CUF,261 W MCMILLAN ST,39.12801115131373,-84.52213088086
MOUNT ADAMS,943 MONASTERY ST,39.10695802260784,-84.50223787757187
CBD/RIVERFRONT,105 I-71 NB EXWY,39.1071299998498,-84.50412999989942
MOUNT ADAMS,391 BAUM ST,39.105555080242084,-84.50134754876291
OVER-THE-RHINE,1804 VINE ST,39.11583433103698,-84.51663602326101
NORTHSIDE,1899 WEST FORK RD,39.160000035895905,-84.5651544467417
NORTHSIDE,1433 CHASE AV,39.163066724015835,-84.53619627739829
HEIGHTS,42 CALHOUN ST,39.12808309707606,-84.5125081351465
OVER-THE-RHINE,226 E 12TH ST,39.10940633075986,-84.51056482057399
OVER-THE-RHINE,1200 MAIN ST,39.109251293782506,-84.5116267995578
OVER-THE-RHINE,209 E 12TH ST,39.109242300562244,-84.51115015888223
PENDLETON,420 E 12TH ST,39.10984484632189,-84.50743595890123
NORTHSIDE,3730 COLERAIN AV,39.155089737615924,-84.54260844346715
AVONDALE,3438 DURY AV,39.1437223071656,-84.50557436230059
HEIGHTS,602 STRAIGHT ST,39.13004361909992,-84.52619581643245
NORTHSIDE,4210 LANGLAND ST,39.16355235791167,-84.53806686721919
NORTHSIDE,4231 SPRING GROVE AV,39.159730239287114,-84.53256301639988
WEST PRICE HILL,4012 AKOCHIA AV,39.12310085303375,-84.57890508056971
NORTHSIDE,4206 BROOKSIDE AV,39.16348041214934,-84.53907410789202
NORTHSIDE,1428 CHASE AV,39.16317403638325,-84.53547170750727
NORTHSIDE,1433 CHASE AV,39.163066724015835,-84.53619627739829
CUF,209 W MCMILLAN ST,39.12785826656875,-84.51981063002444
CUF,213 W MCMILLAN ST,39.12787625300933,-84.52009841307381
CUF,2217 CLIFTON AV,39.1228874464446,-84.52022782624562
CUF,247 W MCMILLAN ST,39.12798417165283,-84.52164524696417
CUF,2385 VINE ST,39.12599666996812,-84.51287685717853
CUF,2400 W MCMICKEN AV,39.12569987492989,-84.53192127179291
CUF,2100 RAVINE ST,39.12144610049984,-84.5261148774498
MOUNT AUBURN,2301 AUBURN AV,39.12366742591223,-84.50847917245522
WEST PRICE HILL,4008 AKOCHIA AV,39.12309185981343,-84.57876118904505
WESTWOOD,3372 GEROLD DR,39.13562840890188,-84.61735109732228
OVER-THE-RHINE,208 E 13TH ST,39.10992578530448,-84.51131203684753
OVER-THE-RHINE,1216 MAIN ST,39.109691961576914,-84.51174371142162
OVER-THE-RHINE,1114 JACKSON ST,39.10783935819654,-84.51380315886871
MOUNT AUBURN,2302 VINE ST,39.12363145303101,-84.51447765039069
CUF,261 W MCMILLAN ST,39.12801115131373,-84.52213088086
MOUNT WASHINGTON,6109 MORROW ST,39.090266605744034,-84.38943591543682
AVONDALE,3561 IRVING ST,39.148551666462936,-84.50789461313622
EVANSTON,2200 DANA AV,39.145404039360415,-84.45853082694794
HEIGHTS,2845 CLIFTON AV,39.133890682049994,-84.52031393381235
WEST END,1100 HARRISON AV,39.12218354456388,-84.53266194182311
MOUNT ADAMS,309 OREGON ST,39.10470842034669,-84.49796196787865
HEIGHTS,2515 CLIFTON AV,39.12861855948742,-84.52086700913823
CUF,2401 VINE ST,39.12620351403484,-84.51270598599297
CUF,2351 W MCMICKEN AV,39.12488151065179,-84.53223926046934
AVONDALE,3602 IRVING ST,39.14863027714542,-84.50776939004878
OVER-THE-RHINE,1404 MAIN ST,39.11131973444992,-84.5121484063348
CUF,2142 RAVINE ST,39.12278609032347,-84.52598897236572
CUF,2136 RAVINE ST,39.12250730049442,-84.5260069588063
CUF,2148 RAVINE ST,39.12293897506845,-84.52597098592514
CUF,2202 RAVINE ST,39.123253737778725,-84.52594400626424
OVER-THE-RHINE,252 MOHAWK ST,39.12020503609938,-84.52282335882256
CUF,400 ADA ST,39.12636539200008,-84.52581810118016
CUF,349 WARNER ST,39.12502540217645,-84.52564722999455
NORTHSIDE,4515 INNES AV,39.17009042906466,-84.54534238243622
CUF,2301 ROHS ST,39.1249714428547,-84.52156430798158
CBD/RIVERFRONT,300 PIKE ST,39.10131028026382,-84.50267854536628
PENDLETON,515 E 12TH ST,39.10998873784655,-84.50604200975584
PENDLETON,504 E 12TH ST,39.10997974462629,-84.50652764365168
NORTHSIDE,1554 LINGO ST,39.162383239273595,-84.53906511467176
NORTHSIDE,4156 LANGLAND ST,39.16304873757525,-84.53813881298157
NORTHSIDE,4164 CHAMBERS ST,39.16240122571418,-84.533947972325
NORTHSIDE,1326 KNOWLTON ST,39.16139398504134,-84.53380408080034
NORTHSIDE,4039 HAMILTON AV,39.15987413081183,-84.53941585026314
NORTHSIDE,4040 HAMILTON AV,39.15972124606685,-84.53935289772113
EAST PRICE HILL,747 WOODLAWN AV,39.105213337870964,-84.5677624806267
CUF,350 WARNER ST,39.125079361498194,-84.52563823677428
CUF,2342 RAVINE ST,39.126563242846544,-84.52558427745254
CAMP WASHINGTON,3126 SPRING GROVE AV,39.138308388549206,-84.54173610109876
EAST PRICE HILL,1995 GRAND AV,39.12129321575486,-84.55548673492677
NORTHSIDE,1662 BLUE ROCK ST,39.16038674436851,-84.54187999262342
WEST END,2025 COLERAIN AV,39.11944960559481,-84.53280583334782
CUF,2510 OHIO AV,39.12784028012817,-84.51472046733858
HEIGHTS,42 CALHOUN ST,39.12808309707606,-84.5125081351465
HYDE PARK,2645 ERIE AV,39.13968435125406,-84.44354812193978
WINTON HILLS,5610 WINTON RD,39.1894354299745,-84.52404244673083
LOWER PRICE HILL,2151 HATMAKER ST,39.10432816358673,-84.55302158068986
LOWER PRICE HILL,1047 STATE AV,39.10930525310431,-84.55224018240096
CUF,2300 STRATFORD AV,39.12512432759968,-84.52305718255019
CUF,2426 W MCMICKEN AV,39.12632941911892,-84.53177161301409
WEST END,1112 HARRISON AV,39.12198569371742,-84.53312958927836
WEST END,2175 CENTRAL AV,39.121600322043044,-84.5318918940565
OVER-THE-RHINE,143 E MCMICKEN AV,39.11363998528549,-84.51335349785404
411970E WEST END,2155 KINDEL AV,39.12102341914607,-84.53182557233589
CUF,521 W MARTIN LUTHER KING JR DR,39.1071299998498,-84.50412999989942
CAMP WASHINGTON,2721 CENTRAL PKWY,39.13065515807989,-84.53154678250678
CUF,2431 VINE ST,39.12709384284386,-84.5118965961666
SPRING GROVE VILLAGE,4711 KENARD AV,39.163829492841224,-84.51610432779647
WESTWOOD,2200 HARRISON AV,39.13405459535062,-84.57278969077049
OAKLEY,4144 PAXTON WOODS DR,39.152994317287664,-84.41663141360283
AVONDALE,811 LEXINGTON AV,39.146006585120006,-84.48931462001087
NORTHSIDE,4403 COLERAIN AV,39.164353051342516,-84.55252168225361
OVER-THE-RHINE,316 MOHAWK ST,39.12119429033163,-84.52527850796258
WALNUT HILLS,791 E MCMILLAN ST,39.125969690307215,-84.49130212169558
WALNUT HILLS,2504 CHATHAM ST,39.12633841233924,-84.49191366067555
WALNUT HILLS,782 E MCMILLAN ST,39.126041636069544,-84.4914460132203
CUF,2385 VINE ST,39.12599666996812,-84.51287685717853
EAST PRICE HILL,2641 MARYLAND AV,39.10773143955299,-84.55713249424036
NORTHSIDE,1613 PULLAN AV,39.16542294773262,-84.54148429093055
WEST END,2026 COLERAIN AV,39.11938665305274,-84.53273388758544
CUF,2308 FAIRVIEW AV,39.124054134384835,-84.52937042319587
EAST PRICE HILL,824 MCPHERSON AV,39.10673319210048,-84.57083816196689
LOWER PRICE HILL,2399 WILDER AV,39.10617033467306,-84.55477996218377
NORTHSIDE,4243 COLERAIN AV,39.1627429680853,-84.54979402648127
HARTWELL,140 SHEEHAN AV,39.2153083406979,-84.46712834554802
EAST PRICE HILL,826 MCPHERSON AV,39.10681413108313,-84.57082916874663
CBD/RIVERFRONT,398 E MEHRING WY,39.096591347453085,-84.5055842143031
CBD/RIVERFRONT,914 MAIN ST,39.10623856498438,-84.5108533826126
PENDLETON,1131 BROADWAY,39.109155037102354,-84.50832242195355
WALNUT HILLS,902 LINCOLN AV,39.13220375034321,-84.48799182597745
LOWER PRICE HILL,1047 STATE AV,39.10930525310431,-84.55224018240096
BOND HILL,1427 RYLAND AV,39.178400164615425,-84.47212857603091
WESTWOOD,2280 HARRISON AV,39.13597015127306,-84.5756855077048
HARTWELL,12 SHEEHAN AV,39.21556914408637,-84.47335165399079
EVANSTON,2030 FAIRFAX AV,39.13477405297408,-84.4626407286218
HYDE PARK,2868 COLUMBIA PKWY,39.12330769710047,-84.45269422697777
OVER-THE-RHINE,1119 WALNUT ST,39.108127141245916,-84.51310168768583
CUF,15 W HOLLISTER ST,39.12665317504951,-84.51327255887139
MOUNT AUBURN,18 E MCMILLAN ST,39.12735779612527,-84.51072896039172
MOUNT ADAMS,334 KILGOUR ST,39.104529853128724,-84.49967480978842
CBD/RIVERFRONT,125 E COURT ST,39.106535341254016,-84.51168075887955
OVER-THE-RHINE,212 W 14TH ST,39.110024710727714,-84.51923506392569
WEST END,227 W 9TH ST,39.104691731093965,-84.51840768765874
CBD/RIVERFRONT,125 E COURT ST,39.106535341254016,-84.51168075887955
CBD/RIVERFRONT,125 E COURT ST,39.106535341254016,-84.51168075887955
MOUNT AUBURN,1606 BROADWAY,39.1125702515578,-84.50893971444074
PENDLETON,1338 BROADWAY,39.111618867431375,-84.50881474281444
NORTHSIDE,1582 BRUCE AV,39.16758132060295,-84.54114254855943
SPRING GROVE VILLAGE,4770 KENARD AV,39.16354336469135,-84.51369524022516
SPRING GROVE VILLAGE,4711 KENARD AV,39.163829492841224,-84.51610432779647
SPRING GROVE VILLAGE,4711 KENARD AV,39.163829492841224,-84.51610432779647
MOUNT WASHINGTON,1600 BEACON ST,39.08226263968322,-84.38201650869507
WALNUT HILLS,1287 IDA ST,39.11162550393988,-84.49888340640263
MOUNT ADAMS,995 PARADROME ST,39.109755433458865,-84.49535752705786
CUF,2301 ROHS ST,39.1249714428547,-84.52156430798158
LOWER PRICE HILL,717 NEAVE ST,39.1036125446588,-84.55306755866792
SOUTH FAIRMOUNT,1685 WESTWOOD AV,39.12492647675322,-84.5523121281633
CUF,2172 OHIO AV,39.12207562592033,-84.51794004020348
NORTHSIDE,4204 WILLIAMSON PL,39.16335450706521,-84.53718553163048
NORTHSIDE,4354 HAMILTON AV,39.16723957823177,-84.54149328415082
EAST WALNUT HILLS,1535 MADISON RD,39.12966590384764,-84.47738960990233
CBD/RIVERFRONT,203 E 8TH ST,39.10493454804191,-84.51023285041236
WESTWOOD,3217 MCHENRY AV,39.144693574957216,-84.57401276873031
WESTWOOD,3217 MCHENRY AV,39.144693574957216,-84.57401276873031
WESTWOOD,3217 MCHENRY AV,39.144693574957216,-84.57401276873031
MOUNT ADAMS,933 PARADROME ST,39.10997075140597,-84.49792113183128
MOUNT ADAMS,1021 PARKSIDE PL,39.11034846665825,-84.49368532507327
CUF,2300 STRATFORD AV,39.12512432759968,-84.52305718255019
CUF,176 WARNER ST,39.12475560556766,-84.5192980164677
CUF,2334 CLIFTON AV,39.12482246664499,-84.51972490311756
OAKLEY,3960 ROSSLYN DR,39.15077299187533,-84.40796194924036
NORTHSIDE,4211 WILLIAMSON PL,39.16356135113193,-84.53722150451165
NORTHSIDE,4203 LANGLAND ST,39.16330054774346,-84.53817478586274
NORTHSIDE,1400 CHASE AV,39.16320162232023,-84.53418179605262
NORTHSIDE,4220 COLERAIN AV,39.16274346623401,-84.54930877265078
EAST WALNUT HILLS,2817 WOODBURN AV,39.12958894726878,-84.47680377785957
OVER-THE-RHINE,14 W COURT ST,39.10625564456186,-84.51470998941434
CLIFTON,314 LUDLOW AV,39.143651322637034,-84.51989491234772
CUF,2941 MARSHALL AV,39.13546653093664,-84.52642064693975
CUF,2804 W MCMICKEN AV,39.13223796485141,-84.53050356895278
CUF,2918 W MCMICKEN AV,39.135079822464036,-84.53112410115301
CORRYVILLE,2701 VINE ST,39.13049328011459,-84.50959433177155
MOUNT AUBURN,17 MULBERRY ST,39.119101020544605,-84.51683587283107
CUF,165 W MCMILLAN ST,39.127804307247004,-84.51888432833425
CUF,64 W MCMILLAN ST,39.127543503858476,-84.51417188090073
NORTHSIDE,4024 HAMILTON AV,39.159226618950754,-84.5393888706023
CORRYVILLE,1 W CORRY ST,39.12907295998618,-84.50972389209214
MOUNT AUBURN,2022 VINE ST,39.118963971698975,-84.517373467325
NORTHSIDE,3928 APPLE ST,39.15813843929527,-84.54110657567821
NORTHSIDE,3911 TURRILL ST,39.15737401557038,-84.54207784346988
MOUNT AUBURN,2013 VINE ST,39.11907189034247,-84.51746339952797
HYDE PARK,3652 MARBURG AV,39.14332660547268,-84.42204533221923
OVER-THE-RHINE,1304 CLAY ST,39.10992125606345,-84.51261683698367
WALNUT HILLS,1125 MYRTLE AV,39.12961194452589,-84.48480901664408
OVER-THE-RHINE,124 E 13TH ST,39.10988981242332,-84.51235525040153
CUF,200 W MCMILLAN ST,39.12788524622965,-84.51937895545035
CUF,2301 ROHS ST,39.1249714428547,-84.52156430798158
EAST END,2726 RIVERSIDE DR,39.12270515134088,-84.45539219306568
HEIGHTS,42 CALHOUN ST,39.12808309707606,-84.5125081351465
EAST END,2726 RIVERSIDE DR,39.12270515134088,-84.45539219306568
NORTHSIDE,3929 SPRING GROVE AV,39.15778770370383,-84.53999141636189
SOUTH FAIRMOUNT,1942 QUEEN CITY AV,39.12716578860619,-84.56396734166304
SOUTH FAIRMOUNT,1685 WESTWOOD AV,39.12492647675322,-84.5523121281633
SOUTH FAIRMOUNT,1931 MONTROSE ST,39.127696388603454,-84.56372452471516
NORTHSIDE,4528 HAMILTON AV,39.17157431041301,-84.54374158922411
AVONDALE,811 LEXINGTON AV,39.146006585120006,-84.48931462001087
CUF,119 CALHOUN ST,39.12811906995722,-84.51372221988606
CUF,2736 W MCMICKEN AV,39.13151850722801,-84.53020679268315
MOUNT AUBURN,311 KINSEY AV,39.125178286921425,-84.50279545723004
CUF,2301 ROHS ST,39.1249714428547,-84.52156430798158
EAST PRICE HILL,962 OAKLAND AV,39.10981786666099,-84.57433652466085
CUF,2120 RAVINE ST,39.122048646259486,-84.52605192490773
MOUNT AUBURN,2301 AUBURN AV,39.12366742591223,-84.50847917245522
MOUNT AUBURN,1401 READING RD,39.11193127342983,-84.50332605722735
SPRING GROVE VILLAGE,4516 CIRCLE AV,39.170324252792284,-84.51731051478299
WESTWOOD,3002 HARRISON AV,39.14808401900768,-84.59782681606617
CUF,2350 RAVINE ST,39.12679706657417,-84.52555729779164
NORTHSIDE,4600 HAMILTON AV,39.17350785277603,-84.54292320617742
NORTHSIDE,4667 HAMILTON AV,39.175504347681056,-84.54386749430819
MOUNT AUBURN,2109 READING RD,39.12033094118351,-84.50031332842917
OVER-THE-RHINE,1829 VINE ST,39.11665271408367,-84.51691481309007
NORTHSIDE,4127 LANGLAND ST,39.16173572741246,-84.53833666382798
MOUNT ADAMS,309 OREGON ST,39.10470842034669,-84.49796196787865
OVER-THE-RHINE,200 E CLIFTON AV,39.11522279205707,-84.51362329446283
SOUTH FAIRMOUNT,2428 WHITE ST,39.12826296148194,-84.56351768064837
CUF,2150 RAVINE ST,39.122992934390254,-84.52596199270482
CUF,1115 HOPPLE ST,39.13799362583893,-84.53264395538253
MOUNT AUBURN,1701 SYCAMORE ST,39.113900788674016,-84.51079043007053
OVER-THE-RHINE,1330 WALNUT ST,39.11061826326704,-84.51367725378458
MOUNT ADAMS,984 HATCH ST,39.10914337513901,-84.49548396913184
OVER-THE-RHINE,2065 W CLIFTON AV,39.12069966321553,-84.52076391137547
CUF,2217 CLIFTON AV,39.1228874464446,-84.52022782624562
CAMP WASHINGTON,1117 STRAIGHT ST,39.13050227333491,-84.53525198926752
EVANSTON,1992 MADISON RD,39.13195917502236,-84.4634321320076
EAST END,1542 RIVERSIDE DR,39.11392776833486,-84.4875969149349
OVER-THE-RHINE,1308 CLAY ST,39.11024054801476,-84.51272397243355
NORTHSIDE,3845 WILLIAM P DOOLEY BYPS,39.15649267998168,-84.53928994517906
CBD/RIVERFRONT,300 PIKE ST,39.10131028026382,-84.50267854536628
NORTHSIDE,1619 BLUE ROCK ST,39.160206879962686,-84.54070188076508
NORTHSIDE,4528 HAMILTON AV,39.17157431041301,-84.54374158922411
CUF,2345 VICTOR ST,39.12661720216829,-84.52375865373307
CUF,2300 STRATFORD AV,39.12512432759968,-84.52305718255019
PENDLETON,1211 BROADWAY,39.10997751685923,-84.5085347329571
WALNUT HILLS,2627 PARK AV,39.128244975041355,-84.48599612172274
CUF,563 W MARTIN LUTHER KING JR DR,39.1071299998498,-84.50412999989942
CUF,563 W MARTIN LUTHER KING JR DR,39.1071299998498,-84.50412999989942
EAST END,234 CARREL ST,39.107587548028334,-84.4343750372409
CAMP WASHINGTON,2721 CENTRAL PKWY,39.13065515807989,-84.53154678250678
CUF,2708 CENTRAL PKWY,39.13055623265666,-84.53156476894736
CUF,2364 W MCMICKEN AV,39.12526821912434,-84.53206838928378
CUF,1003 MARSHALL AV,39.13200414112384,-84.53057551471511
PENDLETON,1310 SYCAMORE ST,39.11014162259153,-84.51021486397178
WALNUT HILLS,2430 GILBERT AV,39.125277212344656,-84.49065460983451
CUF,175 WARNER ST,39.12470164624591,-84.51925305036627
PENDLETON,516 E 12TH ST,39.11006068360888,-84.50603301653553
OVER-THE-RHINE,219 E 13TH ST,39.10991679208422,-84.51099727413725
PENDLETON,314 E 14TH ST,39.111598524278975,-84.50980117583833
PENDLETON,1400 SYCAMORE ST,39.111535571736965,-84.51057459278348
PENDLETON,1404 SYCAMORE ST,39.11160973177039,-84.5105565377886
CLIFTON,312 LUDLOW AV,39.14362338174237,-84.51990955544767
CUF,2306 VICTOR ST,39.125520029292545,-84.52379462661423
CAMP WASHINGTON,2648 SPRING GROVE AV,39.12972991888102,-84.53652942055001
CAMP WASHINGTON,2620 COOK ST,39.129548991983825,-84.53541386723276
CORRYVILLE,2622 EDEN AV,39.12976482927087,-84.5062128809414
CUF,2322 SAUER AV,39.124386883535635,-84.51885734867335
AVONDALE,1019 DANA AV,39.14912723256168,-84.48000663700759
OVER-THE-RHINE,2012 MOHAWK PL,39.12003416491382,-84.52475690118558
CUF,1008 MARSHALL AV,39.132085080106435,-84.53107913505153
CAMP WASHINGTON,2721 CENTRAL PKWY,39.13065515807989,-84.53154678250678
WEST END,2175 CENTRAL PKWY,39.1210588148412,-84.52812673622688
OVER-THE-RHINE,70 E MCMICKEN AV,39.115114873413575,-84.51497227750679
EAST END,1933 RIVERSIDE DR,39.12042087338642,-84.47754249464731
EAST END,900 ADAMS XING,39.10354747260725,-84.49653684888735
NORTHSIDE,4151 KIRBY AV,39.16374726333374,-84.5477831640181
MOUNT ADAMS,317 BAUM ST,39.10466475143312,-84.49870354199675
EAST WALNUT HILLS,1703 MADISON RD,39.12966718768523,-84.4746758026526
PENDLETON,515 E 12TH ST,39.10998873784655,-84.50604200975584
CAMP WASHINGTON,1036 MARSHALL AV,39.13222897163115,-84.53317455537979
CUF,2736 W MCMICKEN AV,39.13151850722801,-84.53020679268315
CAMP WASHINGTON,3220 COLERAIN AV,39.14183373090407,-84.53862444687735
WEST END,1301 LINN ST,39.108639754802596,-84.52785056896636
WEST END,701 EZZARD CHARLES DR,39.10914337513901,-84.52553931135105
MOUNT AUBURN,55 E MCMILLAN ST,39.12712981572503,-84.50878494194518
MOUNT AIRY,5782 COLERAIN AV,39.20005583908096,-84.57912991107702
CUF,2301 ROHS ST,39.1249714428547,-84.52156430798158
NORTHSIDE,1734 BLUE ROCK ST,39.16127707317753,-84.54571110446824
CBD/RIVERFRONT,100 JOE NUXHALL WY,39.098075542828404,-84.50823420529244
CBD/RIVERFRONT,199 E 2ND ST,39.14129103285494,-84.70817670849107
HYDE PARK,3441 PAPE AV,39.14022394447164,-84.41882575935432
CAMP WASHINGTON,2614 SPRING GROVE AV,39.129468053001176,-84.53650204688824
WESTWOOD,3122 SUNSHINE AV,39.144333846145514,-84.57879716192622
LOWER PRICE HILL,2121 HATMAKER ST,39.104269049740196,-84.55176354172545
CBD/RIVERFRONT,9 E COURT ST,39.106184605662634,-84.5138211453093
CBD/RIVERFRONT,529 E 5TH ST,39.10353737912527,-84.50314123694886
WEST END,1127 DAYTON ST,39.118613236107535,-84.53411884351056
MOUNT ADAMS,1003 ST GREGORY ST,39.106274537865545,-84.49667107421055
CBD/RIVERFRONT,300 PIKE ST,39.10131028026382,-84.50267854536628
WALNUT HILLS,939 E MCMILLAN ST,39.125843437853334,-84.48945505810055
NORTHSIDE,1433 CHASE AV,39.163066724015835,-84.53619627739829
NORTHSIDE,4203 LANGLAND ST,39.16330054774346,-84.53817478586274
NORTHSIDE,4203 LANGLAND ST,39.16330054774346,-84.53817478586274
NORTHSIDE,4151 KIRBY AV,39.16374726333374,-84.5477831640181
CBD/RIVERFRONT,125 E 9TH ST,39.10577991074945,-84.51124908430546
COLLEGE HILL,1350 W NORTH BEND RD,39.20256494754267,-84.53980255873574
NORTHSIDE,4254 HAMILTON AV,39.165081205361446,-84.54067490110418
CUF,203 W MCMILLAN ST,39.12784028012817,-84.51950486053448
OVER-THE-RHINE,119 W CENTRAL PKWY,39.10666124633815,-84.51693279953065
CARTHAGE,7016 CEDAR AL,39.1071299998498,-84.50412999989942
HARTWELL,8009 ANTHONY WAYNE AV,39.20330239160671,-84.46919678621543
HARTWELL,8147 ANTHONY WAYNE AV,39.20679176108041,-84.46648083368694
HARTWELL,8301 ANTHONY WAYNE AV,39.21237655088237,-84.4635940099729
LOWER PRICE HILL,912 STATE AV,39.10704795481075,-84.55264487731415
WEST END,421 BAUER AV,39.11278562935769,-84.52351583678512
PENDLETON,1322 SYCAMORE ST,39.11076215479176,-84.51037674193708
OVER-THE-RHINE,1401 SYCAMORE ST,39.11156255139781,-84.51065553176613
OVER-THE-RHINE,124 E 13TH ST,39.10988981242332,-84.51235525040153
MOUNT ADAMS,984 HATCH ST,39.10914337513901,-84.49548396913184
MOUNT ADAMS,1142 CARNEY ST,39.10904444971578,-84.4951871928622
NORTHSIDE,1675 GLEN PARKER AV,39.169973517200845,-84.54407433837491
HYDE PARK,3711 GROVEDALE PL,39.14485545292251,-84.44950163377376
HYDE PARK,3711 GROVEDALE PL,39.14485545292251,-84.44950163377376
CLIFTON,4087 CLIFTON AV,39.16067452741788,-84.51587159953607
CARTHAGE,316 W NORTH BEND RD,39.198625597740744,-84.48558285830023
OVER-THE-RHINE,1209 SYCAMORE ST,39.109781893779825,-84.5101968775312
SOUTH FAIRMOUNT,1835 QUEEN CITY AV,39.126068615730446,-84.55952469083832
MOUNT AUBURN,309 MULBERRY ST,39.11509688697299,-84.5117616978622
PENDLETON,1208 SYCAMORE ST,39.10970095479718,-84.51009795210797
WALNUT HILLS,772 E MCMILLAN ST,39.126050629289864,-84.49170681660877
OVER-THE-RHINE,1547 ELM ST,39.11299247342441,-84.51934298256919
CUF,2115 CLIFTON AV,39.12133288452291,-84.52074873443753
CUF,2433 VINE ST,39.127174781826454,-84.51182465040421
NORTHSIDE,1758 CHASE AV,39.16432577485688,-84.546655392599
OVER-THE-RHINE,1835 VINE ST,39.116055329572234,-84.5167924777626
CARTHAGE,7806 ANTHONY WAYNE AV,39.200883215347915,-84.47213756925123
WALNUT HILLS,2519 GILBERT AV,39.12643733776247,-84.49011501661693
WALNUT HILLS,772 E MCMILLAN ST,39.126050629289864,-84.49170681660877
CBD/RIVERFRONT,311 W 4TH ST,39.09913392095291,-84.51785910122084
CUF,2333 CLIFTON AV,39.12477769561417,-84.5198705218621
WEST END,2145 PATTERSON ST,39.12113850418349,-84.53347510768296
CBD/RIVERFRONT,330 W 4TH ST,39.099097948071744,-84.51845265376016
CBD/RIVERFRONT,231 W 4TH ST,39.09927703164487,-84.5167724430084
OVER-THE-RHINE,1150 MAIN ST,39.109089415817266,-84.51158183345632
OVER-THE-RHINE,1219 SYCAMORE ST,39.10976291165855,-84.51022423426222
OVER-THE-RHINE,230 E 13TH ST,39.11006068360888,-84.51051164024148
SPRING GROVE VILLAGE,4561 NORTH EDGEWOOD AV,39.17178467474036,-84.51632997283755
SPRING GROVE VILLAGE,4800 SPRING GROVE AV,39.16644817484598,-84.51369524022516
SPRING GROVE VILLAGE,4666 SPRING GROVE AV,39.164636948418035,-84.5173583245659
CLIFTON,4028 CLIFTON AV,39.15888487657958,-84.51476543344006
CLIFTON,4028 CLIFTON AV,39.15888487657958,-84.51476543344006
WEST END,804 PLUM ST,39.10424207007935,-84.51872245036895
CBD/RIVERFRONT,600 VINE ST,39.102596310765705,-84.51330853175256
WALNUT HILLS,2371 KEMPER LN,39.124764598787976,-84.48806456239015
HEIGHTS,311 JOSELIN AV,39.132975408915456,-84.521087667306
NORTHSIDE,4055 SPRING GROVE AV,39.15955037488129,-84.5377161316278
SOUTH FAIRMOUNT,1855 QUEEN CITY AV,39.126068615730446,-84.55952469083832
CBD/RIVERFRONT,537 E PETE ROSE WY,39.10029404637072,-84.50186016231959
NORTHSIDE,4127 LANGLAND ST,39.16173572741246,-84.53833666382798
WEST PRICE HILL,1183 RULISON AV,39.11681459204897,-84.59988626351327
COLLEGE HILL,1402 W NORTH BEND RD,39.202735818728286,-84.54257247058598
NORTHSIDE,1 MOLINE CT,39.160971303687575,-84.53848954857295
CUF,2391 FLORA ST,39.12775034792526,-84.52438817915356
MOUNT AUBURN,2301 AUBURN AV,39.12366742591223,-84.50847917245522
MOUNT AUBURN,2 GLENCOE PL,39.123163805575814,-84.50975620973685
WALNUT HILLS,2461 GILBERT AV,39.125711685012845,-84.49053652291495
WALNUT HILLS,919 E MCMILLAN ST,39.125875138952914,-84.48990591818372
HYDE PARK,3663 MICHIGAN AV,39.14381158889506,-84.44138944635002
EAST WALNUT HILLS,2950 WOLD AV,39.13204910722527,-84.46864819977753
EVANSTON,3101 WOLD AV,39.13361129649102,-84.46859658482873
EVANSTON,3572 MONTGOMERY RD,39.14443578692491,-84.46946081165014
NORTHSIDE,4151 KIRBY AV,39.16374726333374,-84.5477831640181
CUF,2501 FAIRVIEW AV,39.1284338326675,-84.52526951474226
CORRYVILLE,15 ERKENBRECHER AV,39.142328358020166,-84.50842521313348
MOUNT AUBURN,2009 VINE ST,39.118963971698975,-84.51744541308733
OVER-THE-RHINE,1931 VINE ST,39.11772503234737,-84.51722657975506
OVER-THE-RHINE,2010 VINE ST,39.11859524966695,-84.51729252834235
MOUNT LOOKOUT,2999 ALPINE TER,39.12939036080711,-84.43496372011396
MOUNT AUBURN,31 MULBERRY ST,39.11877226840922,-84.51646109539676
EAST END,1903 RIVERSIDE DR,39.119917253050005,-84.47867564040422
EAST PRICE HILL,4210 GLENWAY AV,39.11440440901043,-84.58388732461202
CUF,315 WARNER ST,39.1249444631938,-84.52402845034186
PLEASANT RIDGE,6085 MONTGOMERY RD,39.18205141205436,-84.42789991862998
CAMP WASHINGTON,1008 MARSHALL AV,39.132085080106435,-84.53107913505153
OVER-THE-RHINE,1629 VINE ST,39.114053673418994,-84.51628528766958
OVER-THE-RHINE,1339 WALNUT ST,39.11075316157144,-84.51377617920781
OVER-THE-RHINE,1302 MAIN ST,39.109952764965385,-84.51180666396363
WESTWOOD,2280 HARRISON AV,39.13597015127306,-84.5756855077048
WESTWOOD,2911 WERK RD,39.14016099192958,-84.59605515166845
EAST PRICE HILL,4210 GLENWAY AV,39.11440440901043,-84.58388732461202
EAST PRICE HILL,3719 GLENWAY AV,39.11400870731751,-84.57407572127238
LOWER PRICE HILL,2108 HATMAKER ST,39.1042960294011,-84.55111602986437
WESTWOOD,5791 GLENWAY AV,39.13659068347323,-84.6141405176777
NORTHSIDE,4203 KIRBY AV,39.16461355790625,-84.54739283666305
NORTHSIDE,1675 GLEN PARKER AV,39.169973517200845,-84.54407433837491
EAST PRICE HILL,2614 PRICE AV,39.10666124633815,-84.5574832298318
WESTWOOD,2856 FISCHER PL,39.14625857768964,-84.59234099012741
WALNUT HILLS,780 E MCMILLAN ST,39.126050629289864,-84.49161688440586
OVER-THE-RHINE,126 W MCMICKEN AV,39.1188324985392,-84.520098595753
WALNUT HILLS,2104 KEMPER LN,39.11976436830503,-84.48727315900436
CUF,2300 STRATFORD AV,39.12512432759968,-84.52305718255019
CUF,2334 CLIFTON AV,39.12482246664499,-84.51972490311756
